,Game ID,ID,Balls,Strikes,Homeruns Allowed,Hits Allowed,Strikeouts,Pickoff Errors,Pickoffs,Wild Pitches,Balks,Walks,Intentional Walks,Hit by Pitch,Earned Runs,Innings Pitched
0,ANA201709300,albea001,25,30,1,6,5,0,0,0,0,1,0,1,2,4.333333333333333
0,SEA201709090,albea001,32,34,0,4,4,0,0,0,0,1,0,0,0,6.0
0,SEA201709030,albea001,29,33,1,1,5,0,0,0,0,1,0,0,1,6.0
0,CLE201608300,albea001,21,19,2,6,2,0,0,0,0,3,0,0,4,2.0
0,MIN201609040,albea001,25,33,1,6,6,0,0,1,0,1,0,0,3,4.666666666666667
0,NYA201708270,albea001,25,40,0,11,4,0,0,0,0,2,0,0,2,5.0
0,ATL201708210,albea001,20,35,1,6,3,0,0,0,0,1,0,0,2,5.0
0,SEA201708150,albea001,22,27,1,6,4,0,0,1,0,1,0,0,1,5.0
