,Game ID,ID,Balls,Strikes,Homeruns Allowed,Hits Allowed,Strikeouts,Pickoff Errors,Pickoffs,Wild Pitches,Balks,Walks,Intentional Walks,Hit by Pitch,Earned Runs,Innings Pitched
0,CLE201608300,albea001,24,34,2,6,2,0,0,0,0,3,0,0,4,2.0
0,ANA201709300,albea001,27,58,1,6,5,0,0,0,0,1,0,1,2,4.333333333333333
0,SEA201709090,albea001,33,67,0,4,4,0,0,0,0,1,0,0,0,6.0
0,SEA201708150,albea001,23,54,1,6,4,0,0,1,0,1,0,0,1,5.0
0,SEA201709030,albea001,30,71,1,1,5,0,0,0,0,1,0,0,1,6.0
0,ATL201708210,albea001,21,66,1,6,3,0,0,0,0,1,0,0,2,5.0
0,NYA201708270,albea001,27,78,0,11,4,0,0,0,0,2,0,0,2,5.0
0,MIN201609040,albea001,26,58,1,6,6,0,0,1,0,1,0,0,3,4.666666666666667
