,Game ID,ID,Balls,Strikes,Homeruns Allowed,Hits Allowed,Strikeouts,Pickoff Errors,Pickoffs,Wild Pitches,Balks,Walks,Intentional Walks,Hit by Pitch,Earned Runs,Innings Pitched
0,OAK201609240,alcar001,21,58,2,7,6,0,0,0,0,1,0,0,4,6.0
0,OAK201609110,alcar001,41,63,1,7,4,0,0,0,0,1,0,1,2,5.666666666666667
0,TEX201709290,alcar001,31,49,1,5,2,0,0,0,0,2,0,0,4,4.333333333333333
0,SEA201609300,alcar001,19,32,4,7,1,0,0,1,0,1,0,0,5,2.0
0,OAK201709230,alcar001,37,49,0,2,5,0,0,0,0,2,0,0,0,5.0
0,OAK201609050,alcar001,27,34,1,5,0,0,0,0,1,1,0,3,5,3.0
0,DET201709180,alcar001,25,42,0,2,2,0,0,0,0,1,0,0,0,3.6666666666666665
0,TEX201704070,alcar001,28,30,2,4,1,0,1,0,0,2,0,1,8,2.0
0,TEX201609170,alcar001,32,53,1,5,3,0,0,0,0,0,0,0,2,5.666666666666667
