,Game ID,ID,Balls,Strikes,Homeruns Allowed,Hits Allowed,Strikeouts,Pickoff Errors,Pickoffs,Wild Pitches,Balks,Walks,Intentional Walks,Hit by Pitch,Earned Runs,Innings Pitched
0,PIT201907010,alzoa001,18,16,2,10,3,0,0,0,0,1,0,1,7,2.6666666666666665
0,CHN201906250,alzoa001,31,27,1,1,4,0,1,0,0,4,0,0,1,4.666666666666667
0,CHN202009051,alzoa001,30,23,0,2,4,0,0,0,0,5,0,0,2,2.6666666666666665
0,CHA202009270,alzoa001,28,29,1,2,8,0,0,0,0,2,0,0,1,5.0
0,CHN202009100,alzoa001,23,28,0,3,2,0,0,0,0,2,0,1,3,3.6666666666666665
0,SLN202008192,alzoa001,25,25,0,2,6,0,0,1,0,1,0,0,0,5.0
