,Game ID,ID,Balls,Strikes,Homeruns Allowed,Hits Allowed,Strikeouts,Pickoff Errors,Pickoffs,Wild Pitches,Balks,Walks,Intentional Walks,Hit by Pitch,Earned Runs,Innings Pitched
0,TBA201906100,andet003,36,56,1,3,5,0,0,0,0,2,0,0,2,5.666666666666667
0,OAK201906210,andet003,27,49,0,7,4,0,0,0,0,1,0,0,3,4.0
0,ANA201906270,andet003,29,39,2,8,3,0,0,2,0,0,1,0,7,2.6666666666666665
0,OAK201906160,andet003,37,56,1,3,3,0,0,0,0,1,0,0,2,5.333333333333333
0,OAK201907040,andet003,35,60,0,9,3,0,1,1,0,2,0,0,1,4.666666666666667
