,Game ID,ID,Balls,Strikes,Homeruns Allowed,Hits Allowed,Strikeouts,Pickoff Errors,Pickoffs,Wild Pitches,Balks,Walks,Intentional Walks,Hit by Pitch,Earned Runs,Innings Pitched
0,ANA202009051,bielb001,25,28,2,7,5,0,0,0,0,0,0,0,4,3.6666666666666665
0,ARI202008060,bielb001,31,26,0,2,1,0,0,0,0,3,0,0,0,5.0
0,HOU202008110,bielb001,29,28,1,6,4,0,0,0,0,1,0,0,2,5.0
0,HOU202008170,bielb001,30,29,1,1,4,0,0,0,0,4,0,0,1,5.666666666666667
0,SDN202008220,bielb001,8,9,4,5,2,0,0,0,0,1,0,1,6,1.3333333333333333
0,HOU202008252,bielb001,13,12,0,3,0,0,0,0,0,3,0,0,3,0.6666666666666666
