,Game ID,ID,Balls,Strikes,Homeruns Allowed,Hits Allowed,Strikeouts,Pickoff Errors,Pickoffs,Wild Pitches,Balks,Walks,Intentional Walks,Hit by Pitch,Earned Runs,Innings Pitched
0,PIT202008230,brubj001,26,26,0,4,6,0,0,0,0,1,0,0,2,4.0
0,PIT202009090,brubj001,30,34,2,7,5,0,0,0,0,2,0,0,7,5.333333333333333
0,CLE202009270,brubj001,35,28,2,7,3,0,0,1,0,2,0,1,5,5.0
0,PIT202008060,brubj001,17,17,1,4,2,0,0,0,0,2,0,0,3,3.0
0,CIN202009160,brubj001,34,31,0,5,4,0,0,0,0,1,0,0,1,5.333333333333333
0,PIT202009030,brubj001,25,31,0,7,5,0,0,0,0,1,0,0,1,5.0
0,MIL202008290,brubj001,31,27,1,3,6,0,0,0,0,3,0,0,2,5.0
0,PIT202009210,brubj001,33,36,0,4,9,0,0,0,0,1,0,1,2,6.666666666666667
0,PIT202008180,brubj001,23,17,0,3,1,0,0,0,0,3,0,0,3,3.0
