,Game ID,ID,Balls,Strikes,Homeruns Allowed,Hits Allowed,Strikeouts,Pickoff Errors,Pickoffs,Wild Pitches,Balks,Walks,Intentional Walks,Hit by Pitch,Earned Runs,Innings Pitched
0,SFN202009230,castr005,38,29,1,5,1,0,0,1,0,5,0,0,2,4.666666666666667
0,COL202008190,castr005,31,30,2,8,1,0,0,0,0,1,0,0,3,5.666666666666667
0,COL202009180,castr005,34,26,2,4,1,0,0,0,0,3,0,1,5,4.333333333333333
0,ARI202008240,castr005,29,26,2,3,3,0,0,0,0,3,0,1,2,6.0
0,LAN202009060,castr005,34,27,3,6,1,0,0,0,0,4,0,0,4,4.333333333333333
0,COL202009130,castr005,41,30,0,1,4,0,0,0,0,6,0,1,0,5.666666666666667
0,COL202008140,castr005,29,31,1,2,7,0,0,0,0,2,0,0,1,4.666666666666667
0,COL202008300,castr005,17,18,1,6,2,0,0,0,0,1,0,1,5,2.0
0,SEA202008080,castr005,23,21,0,0,3,0,0,0,0,1,0,1,0,4.0
