,Game ID,ID,Balls,Strikes,Homeruns Allowed,Hits Allowed,Strikeouts,Pickoff Errors,Pickoffs,Wild Pitches,Balks,Walks,Intentional Walks,Hit by Pitch,Earned Runs,Innings Pitched
0,WAS202008221,castd003,11,7,0,1,1,0,0,1,0,2,0,0,1,0.3333333333333333
0,MIA202009182,castd003,20,20,0,5,1,0,0,0,0,0,0,0,2,4.333333333333333
0,MIA202008150,castd003,30,24,1,4,2,0,0,0,0,2,0,0,1,6.0
0,NYN202008251,castd003,28,29,0,6,1,0,1,0,0,3,0,0,0,4.666666666666667
0,MIA202009112,castd003,18,11,0,5,1,0,0,0,0,1,0,0,0,3.6666666666666665
0,NYN202008080,castd003,25,22,2,5,4,0,0,0,0,1,0,0,4,4.333333333333333
