,Game ID,ID,Balls,Strikes,Homeruns Allowed,Hits Allowed,Strikeouts,Pickoff Errors,Pickoffs,Wild Pitches,Balks,Walks,Intentional Walks,Hit by Pitch,Earned Runs,Innings Pitched
0,ANA201808120,colet001,10,15,0,3,3,0,0,1,0,0,0,2,3,1.3333333333333333
0,ANA201905200,colet001,2,5,0,2,0,0,0,0,0,0,0,0,0,0.6666666666666666
0,LAN201907230,colet001,9,8,0,0,2,0,0,0,0,1,0,0,0,1.0
0,TEX201808160,colet001,15,9,2,2,1,0,0,0,0,3,0,0,3,1.0
0,CLE201908020,colet001,11,6,0,4,1,0,0,0,0,1,0,0,3,0.3333333333333333
0,CIN201908050,colet001,6,12,0,5,2,0,1,0,0,1,0,0,5,1.0
0,ANA201907120,colet001,9,7,0,0,2,0,0,0,0,0,0,0,0,2.0
0,SEA201907190,colet001,9,8,0,1,1,0,1,0,0,0,0,0,0,2.0
