,Game ID,ID,Balls,Strikes,Homeruns Allowed,Hits Allowed,Strikeouts,Pickoff Errors,Pickoffs,Wild Pitches,Balks,Walks,Intentional Walks,Hit by Pitch,Earned Runs,Innings Pitched
0,SLN201507240,coont001,21,53,0,5,5,0,0,1,0,0,0,0,2,7.0
0,SLN201507190,coont001,39,63,0,3,7,0,0,0,0,4,0,0,0,5.666666666666667
0,SLN201504300,coont001,24,28,1,7,3,0,0,0,0,1,0,0,2,2.3333333333333335
0,PIT201507120,coont001,30,47,0,6,5,0,0,0,0,1,1,0,3,5.0
0,CHN201507072,coont001,35,49,0,3,3,0,0,0,0,1,0,1,1,5.333333333333333
0,SLN201507020,coont001,34,55,2,4,6,0,1,0,0,1,1,0,2,6.0
