,Game ID,Balls,Strikes,Strikeouts,Pickoff Errors,Pickoffs,Wild Pitches,Balks,Walks,Intentional Walks,Hit By Pitch,Earned Runs,Innings Pitched,ERA,Hit by Pitch
0,SLN201506020,29,27,6,0,0,0,0,2,0,,1,7,1.2857142857142858,0.0
0,MIL201507070,34,26,3,0,0,0,0,1,0,,4,7,5.142857142857143,0.0
0,MIL201508070,34,27,4,0,0,0,0,2,0,,6,5,10.8,0.0
0,CHN201508130,34,36,3,0,0,0,0,4,0,,4,5,7.2,0.0
0,MIL201508180,27,28,2,0,0,0,0,3,0,,4,3,12.0,1.0
0,CHN201509220,22,18,3,0,0,0,0,2,0,,2,4,4.5,0.0
0,SLN201509270,20,14,2,0,0,0,0,3,0,,0,3,0.0,0.0
0,CIN201605060,31,28,4,0,0,0,0,2,0,,5,4,11.25,0.0
0,COL201610020,16,11,1,0,0,0,0,2,0,,2,2,9.0,1.0
