,Game ID,ID,Balls,Strikes,Homeruns Allowed,Hits Allowed,Strikeouts,Pickoff Errors,Pickoffs,Wild Pitches,Balks,Walks,Intentional Walks,Hit by Pitch,Earned Runs,Innings Pitched
0,CHN201508130,cravt001,34,36,2,4,3,0,0,0,0,4,0,0,4,4.333333333333333
0,SLN201506020,cravt001,29,27,0,4,6,0,0,0,0,2,0,0,1,7.0
0,CIN201605060,cravt001,31,28,2,6,4,0,0,0,0,2,0,0,5,4.0
0,MIL201507070,cravt001,34,26,1,8,3,0,0,0,0,1,0,0,3,6.0
0,MIL201508070,cravt001,34,27,1,8,4,0,0,0,0,2,0,0,6,5.0
0,CHN201509220,cravt001,22,18,1,3,3,0,0,0,0,2,0,0,2,4.0
0,COL201610020,cravt001,16,11,1,2,1,0,0,0,0,2,0,1,2,2.0
0,SLN201509270,cravt001,20,14,0,1,2,0,0,0,0,3,0,0,0,3.0
0,MIL201508180,cravt001,27,28,0,7,2,0,0,0,0,3,0,1,4,2.6666666666666665
