,Game ID,ID,Balls,Strikes,Homeruns Allowed,Hits Allowed,Strikeouts,Pickoff Errors,Pickoffs,Wild Pitches,Balks,Walks,Intentional Walks,Hit by Pitch,Earned Runs,Innings Pitched
0,OAK201606010,deanp001,30,22,1,9,3,0,0,1,0,1,1,0,4,4.666666666666667
0,MIN201609221,deanp001,27,22,0,3,5,0,1,0,0,1,0,0,1,5.0
0,MIN201605210,deanp001,34,29,1,3,5,0,0,0,0,3,0,0,2,6.0
0,MIN201606070,deanp001,36,28,0,7,2,0,0,0,0,1,0,0,4,4.333333333333333
0,SEA201605270,deanp001,37,29,1,4,8,0,0,0,0,0,0,0,2,7.0
0,MIN201606120,deanp001,36,28,1,3,3,0,0,0,0,4,0,0,1,6.333333333333333
0,CLE201608310,deanp001,21,19,2,7,0,0,0,0,0,3,0,0,3,4.333333333333333
0,MIN201606170,deanp001,27,21,1,8,0,0,0,0,0,3,0,0,5,2.3333333333333335
0,TOR201608260,deanp001,25,22,2,8,1,0,0,0,0,1,0,0,6,3.0
