,Game ID,ID,Balls,Strikes,Homeruns Allowed,Hits Allowed,Strikeouts,Pickoff Errors,Pickoffs,Wild Pitches,Balks,Walks,Intentional Walks,Hit by Pitch,Earned Runs,Innings Pitched
0,MIN201606120,deanp001,40,52,1,3,3,0,0,0,0,4,0,0,1,6.333333333333333
0,MIN201606170,deanp001,30,38,1,8,0,0,0,0,0,3,0,0,5,2.3333333333333335
0,MIN201606070,deanp001,37,53,0,7,2,0,0,0,0,1,0,0,4,4.333333333333333
0,MIN201605210,deanp001,37,58,1,3,5,0,0,0,0,3,0,0,2,6.0
0,MIN201609221,deanp001,28,48,0,3,5,0,1,0,0,1,0,0,1,5.0
0,SEA201605270,deanp001,37,61,1,4,8,0,0,0,0,0,0,0,2,7.0
0,CLE201608310,deanp001,24,40,2,7,0,0,0,0,0,3,0,0,3,4.333333333333333
0,TOR201608260,deanp001,26,46,2,8,1,0,0,0,0,1,0,0,6,3.0
0,OAK201606010,deanp001,32,49,1,9,3,0,0,1,0,1,1,0,4,4.666666666666667
