,Game ID,Balls,Strikes,Strikeouts,Pickoff Errors,Pickoffs,Wild Pitches,Balks,Walks,Intentional Walks,Hit By Pitch,Earned Runs,Innings Pitched,ERA,Hit by Pitch
0,MIN201605210,34,29,5,0,0,0,0,3,0,,2,6,3.0,0.0
0,SEA201605270,37,29,8,0,0,0,0,0,0,,2,7,2.5714285714285716,0.0
0,OAK201606010,30,22,3,0,0,1,0,1,1,,4,5,7.2,0.0
0,MIN201606070,36,28,2,0,0,0,0,1,0,,4,5,7.2,0.0
0,MIN201606120,36,28,3,0,0,0,0,4,0,,1,7,1.2857142857142858,0.0
0,MIN201606170,27,21,0,0,0,0,0,3,0,,7,3,21.0,0.0
0,TOR201608260,25,22,1,0,0,0,0,1,0,,6,3,18.0,0.0
0,CLE201608310,21,19,0,0,0,0,0,3,0,,6,5,10.8,0.0
0,MIN201609221,27,22,5,0,1,0,0,1,0,,1,5,1.8,0.0
