,Game ID,ID,Balls,Strikes,Homeruns Allowed,Hits Allowed,Strikeouts,Pickoff Errors,Pickoffs,Wild Pitches,Balks,Walks,Intentional Walks,Hit by Pitch,Earned Runs,Innings Pitched
0,SEA201705060,dejoc001,23,52,1,4,3,0,0,0,0,0,0,0,1,6.0
0,SEA201705160,dejoc001,39,59,1,7,4,0,0,0,0,3,0,0,4,6.0
0,MIN201809090,dejoc001,30,38,0,1,5,0,1,0,0,4,0,0,0,4.0
0,OAK201809220,dejoc001,21,37,1,5,0,0,0,1,0,1,0,0,2,4.333333333333333
0,TOR201705110,dejoc001,38,50,1,7,1,0,0,0,0,3,0,0,6,5.0
0,KCA201809150,dejoc001,25,49,0,8,4,0,1,0,0,0,0,0,3,3.3333333333333335
0,CLE201704300,dejoc001,33,40,1,9,1,0,0,0,0,2,0,0,5,2.6666666666666665
0,MIN201809282,dejoc001,27,47,2,4,4,0,0,1,0,1,0,0,2,6.0
