,Game ID,ID,Balls,Strikes,Homeruns Allowed,Hits Allowed,Strikeouts,Pickoff Errors,Pickoffs,Wild Pitches,Balks,Walks,Intentional Walks,Hit by Pitch,Earned Runs,Innings Pitched
0,ATL201606290,delaj003,28,30,1,7,1,0,0,0,0,1,0,0,3,6.0
0,PHI201607040,delaj003,26,28,2,9,4,0,0,0,0,0,0,0,4,6.0
0,ATL201607310,delaj003,27,17,0,3,0,0,1,0,0,2,0,0,0,4.333333333333333
0,PHI201609020,delaj003,26,25,1,6,5,0,0,0,0,2,0,0,4,5.0
0,MIL201608100,delaj003,25,22,1,7,2,0,0,0,0,2,0,0,4,4.0
0,SFN201608260,delaj003,24,20,1,7,2,0,0,0,0,0,0,0,3,4.0
0,SLN201608050,delaj003,31,20,0,2,2,0,0,0,0,5,0,0,1,5.333333333333333
0,ATL201608160,delaj003,37,31,0,4,4,0,0,0,0,2,0,0,1,5.333333333333333
0,ATL201608210,delaj003,31,36,2,7,4,0,0,0,0,2,0,1,6,5.666666666666667
