,Game ID,ID,Balls,Strikes,Homeruns Allowed,Hits Allowed,Strikeouts,Pickoff Errors,Pickoffs,Wild Pitches,Balks,Walks,Intentional Walks,Hit by Pitch,Earned Runs,Innings Pitched
0,MIA201909200,duggr001,28,28,2,3,4,0,0,0,0,2,0,0,4,5.0
0,SFN201909140,duggr001,31,34,0,5,3,0,0,0,0,2,0,1,0,6.333333333333333
0,NYN201909250,duggr001,16,19,1,6,3,0,0,0,0,2,0,0,6,2.0
0,MIA201909090,duggr001,36,20,0,4,3,0,0,0,0,4,0,0,2,3.0
0,PHI202007260,duggr001,22,23,1,6,2,0,0,1,0,1,0,0,4,3.3333333333333335
0,MIA201908290,duggr001,36,32,1,3,7,0,0,1,0,1,0,0,0,7.0
0,PIT201909040,duggr001,27,18,0,7,2,0,0,0,0,1,1,2,2,6.0
0,NYN201908051,duggr001,30,25,2,5,3,0,0,1,0,4,0,2,6,5.0
