,Game ID,ID,Balls,Strikes,Homeruns Allowed,Hits Allowed,Strikeouts,Pickoff Errors,Pickoffs,Wild Pitches,Balks,Walks,Intentional Walks,Hit by Pitch,Earned Runs,Innings Pitched
0,PIT202009090,dunnd001,26,27,0,3,3,0,0,0,0,1,0,0,0,6.0
0,CHA202009260,dunnd001,28,21,1,3,2,0,0,0,0,3,0,1,4,3.0
0,KCA202009040,dunnd001,27,32,0,5,4,0,0,1,0,4,0,0,3,4.666666666666667
0,CHA202008300,dunnd001,33,28,0,0,7,0,0,0,0,1,0,0,0,5.0
0,CHA202009150,dunnd001,37,31,1,3,7,0,0,3,0,2,0,1,1,7.0
0,CHA202008190,dunnd001,28,24,1,5,7,0,1,1,0,1,0,0,3,4.333333333333333
0,CLE202009210,dunnd001,31,30,1,6,5,0,0,0,0,1,0,0,4,4.0
