,Game ID,ID,Balls,Strikes,Homeruns Allowed,Hits Allowed,Strikeouts,Pickoff Errors,Pickoffs,Wild Pitches,Balks,Walks,Intentional Walks,Hit by Pitch,Earned Runs,Innings Pitched
0,PHI202008130,eshet001,22,26,1,4,2,0,0,0,0,0,0,0,2,5.0
0,BAL202009041,eshet001,20,13,1,3,1,0,0,0,0,3,0,0,2,2.3333333333333335
0,BAL201907140,eshet001,33,33,2,5,7,0,0,0,0,1,0,0,4,5.666666666666667
0,BAL201907200,eshet001,30,26,3,6,3,0,0,0,0,3,0,0,5,3.6666666666666665
0,BAL202009150,eshet001,24,24,1,6,4,0,0,0,0,1,0,0,2,3.3333333333333335
0,WAS202008080,eshet001,15,17,1,5,2,0,0,0,0,0,0,0,2,3.6666666666666665
0,TBA201907010,eshet001,23,27,0,6,0,0,0,0,0,1,0,0,2,5.0
0,SDN201907300,eshet001,20,23,2,7,5,0,0,0,0,1,0,0,4,4.0
