,Game ID,ID,Balls,Strikes,Homeruns Allowed,Hits Allowed,Strikeouts,Pickoff Errors,Pickoffs,Wild Pitches,Balks,Walks,Intentional Walks,Hit by Pitch,Earned Runs,Innings Pitched
0,PIT201806060,fergc001,25,32,0,2,3,0,0,0,0,3,0,2,3,1.6666666666666665
0,LAN201806120,fergc001,25,40,0,5,3,0,0,0,0,2,0,0,2,4.0
0,LAN201909170,fergc001,16,18,0,0,1,0,0,0,1,2,0,0,1,1.6666666666666665
0,LAN201806170,fergc001,26,58,2,2,6,0,0,0,0,1,0,0,3,5.0
0,LAN201904130,fergc001,15,36,1,4,2,0,0,0,0,2,0,0,1,2.6666666666666665
