,Game ID,ID,Balls,Strikes,Homeruns Allowed,Hits Allowed,Strikeouts,Pickoff Errors,Pickoffs,Wild Pitches,Balks,Walks,Intentional Walks,Hit by Pitch,Earned Runs,Innings Pitched
0,WAS201406190,floyg001,18,45,0,2,6,0,0,0,0,1,0,0,0,6.0
0,COL201406090,floyg001,35,60,1,3,4,0,1,1,0,3,0,0,1,6.666666666666667
0,ATL201405060,floyg001,38,66,0,6,5,0,0,1,0,2,0,0,1,7.0
0,ATL201405230,floyg001,30,72,1,7,7,0,0,1,0,0,0,0,2,6.666666666666667
0,ATL201406140,floyg001,31,56,2,7,4,0,0,1,0,0,0,1,3,6.333333333333333
0,ATL201406030,floyg001,32,54,1,10,4,0,0,0,0,1,0,0,3,5.0
0,SFN201405120,floyg001,25,67,1,7,8,0,0,0,0,0,0,0,3,6.333333333333333
0,SLN201405180,floyg001,40,55,0,7,4,0,0,0,0,3,0,2,1,5.333333333333333
0,BOS201405280,floyg001,42,64,0,6,3,0,0,1,0,3,0,0,1,5.0
