,Game ID,Balls,Strikes,Strikeouts,Pickoff Errors,Pickoffs,Wild Pitches,Balks,Walks,Intentional Walks,Hit By Pitch,Earned Runs,Innings Pitched,ERA,Hit by Pitch
0,ATL201405060,36,31,5,0,0,1,0,2,0,,1,7,1.2857142857142858,0.0
0,SFN201405120,25,35,8,0,0,0,0,0,0,,3,7,3.857142857142857,0.0
0,SLN201405180,35,26,4,0,0,0,0,3,0,,1,6,1.5,2.0
0,ATL201405230,30,37,7,0,0,1,0,0,0,,2,7,2.5714285714285716,0.0
0,BOS201405280,39,32,3,0,0,1,0,3,0,,1,5,1.8,0.0
0,ATL201406030,31,23,4,0,0,0,0,1,0,,3,6,4.5,0.0
0,COL201406090,32,31,4,0,1,1,0,3,0,,1,7,1.2857142857142858,0.0
0,ATL201406140,30,30,4,0,0,1,0,0,0,,4,7,5.142857142857143,1.0
0,WAS201406190,17,22,6,0,0,0,0,1,0,,0,6,0.0,0.0
