,Game ID,ID,Balls,Strikes,Homeruns Allowed,Hits Allowed,Strikeouts,Pickoff Errors,Pickoffs,Wild Pitches,Balks,Walks,Intentional Walks,Hit by Pitch,Earned Runs,Innings Pitched
0,NYA202009150,garcd003,28,27,2,6,6,0,0,0,0,2,0,0,3,7.0
0,BAL202009042,garcd003,27,37,1,5,6,0,0,0,0,2,0,1,2,4.666666666666667
0,TOR202009090,garcd003,32,29,1,5,6,0,0,0,0,0,0,0,2,7.0
0,BOS202009200,garcd003,22,26,2,8,2,0,1,0,0,1,0,0,6,3.0
0,NYA202009260,garcd003,34,32,0,7,7,0,0,0,0,1,0,0,3,6.666666666666667
0,NYN202008302,garcd003,24,22,0,4,6,0,0,0,0,0,0,0,0,5.666666666666667
