,Game ID,Balls,Strikes,Strikeouts,Pickoff Errors,Pickoffs,Wild Pitches,Balks,Walks,Intentional Walks,Hit By Pitch,Earned Runs,Innings Pitched,ERA,Hit by Pitch
0,ATL201709061,28,30,6,0,0,1,0,4,0,,6,4,13.5,0.0
0,WAS201709130,19,26,6,0,2,0,0,0,0,,1,6,1.5,0.0
0,ATL201709190,22,33,4,0,0,0,0,0,0,,4,7,5.142857142857143,0.0
0,ATL201709240,34,31,9,0,0,0,0,2,0,,1,7,1.2857142857142858,0.0
0,MIA201709290,26,34,6,0,0,0,0,2,0,,4,7,5.142857142857143,0.0
0,PHI201805230,25,28,6,0,0,0,0,4,0,,2,4,4.5,0.0
