,Game ID,ID,Balls,Strikes,Homeruns Allowed,Hits Allowed,Strikeouts,Pickoff Errors,Pickoffs,Wild Pitches,Balks,Walks,Intentional Walks,Hit by Pitch,Earned Runs,Innings Pitched
0,MIA202009120,howas003,22,25,1,2,5,0,0,0,0,2,0,0,3,3.6666666666666665
0,PHI202008140,howas003,21,25,2,7,2,0,0,0,0,2,0,0,3,3.3333333333333335
0,PHI202008310,howas003,31,32,1,5,4,0,0,0,0,2,0,0,2,5.0
0,TOR202008201,howas003,23,23,0,5,5,0,0,0,0,2,0,0,1,3.6666666666666665
0,PHI202008092,howas003,24,29,2,7,4,0,0,0,0,1,0,0,3,4.666666666666667
0,NYN202009050,howas003,20,22,0,4,3,0,0,0,0,1,0,1,3,4.0
