,Game ID,ID,Balls,Strikes,Homeruns Allowed,Hits Allowed,Strikeouts,Pickoff Errors,Pickoffs,Wild Pitches,Balks,Walks,Intentional Walks,Hit by Pitch,Earned Runs,Innings Pitched
0,COL201607240,jenkt001,37,24,3,8,2,0,0,0,0,5,0,0,7,3.3333333333333335
0,WAS201608140,jenkt001,33,20,1,6,1,0,0,0,0,3,0,0,7,4.666666666666667
0,ATL201608040,jenkt001,44,30,0,3,2,0,0,0,0,4,0,0,1,6.0
0,ATL201607290,jenkt001,35,23,0,4,4,0,0,0,0,3,1,0,0,6.0
0,MIL201608090,jenkt001,29,26,1,3,3,0,0,0,0,3,0,0,1,5.666666666666667
0,ATL201608200,jenkt001,29,23,3,8,3,0,0,0,0,2,0,0,8,3.3333333333333335
0,PHI201607060,jenkt001,25,20,0,4,1,0,0,0,0,1,0,0,0,4.666666666666667
0,CIN201607190,jenkt001,44,32,1,4,2,0,0,0,0,4,0,1,2,6.0
