,Game ID,ID,Balls,Strikes,Homeruns Allowed,Hits Allowed,Strikeouts,Pickoff Errors,Pickoffs,Wild Pitches,Balks,Walks,Intentional Walks,Hit by Pitch,Earned Runs,Innings Pitched
0,SLN202008271,kim-k001,27,26,0,3,3,0,0,0,0,1,0,0,0,6.0
0,SLN202009240,kim-k001,36,35,0,5,3,0,0,1,0,2,0,0,1,5.0
0,CHN202008171,kim-k001,24,17,1,3,1,0,0,0,0,2,1,0,1,3.6666666666666665
0,PIT202009190,kim-k001,34,36,2,6,4,0,0,0,0,1,0,0,3,5.333333333333333
0,CIN202009010,kim-k001,29,29,0,3,4,0,0,0,0,2,0,0,0,5.0
0,MIL202009141,kim-k001,31,28,0,3,6,0,0,0,0,2,1,0,0,7.0
0,SLN202008220,kim-k001,28,28,0,3,3,0,0,0,0,0,0,0,0,6.0
