,Game ID,ID,Balls,Strikes,Homeruns Allowed,Hits Allowed,Strikeouts,Pickoff Errors,Pickoffs,Wild Pitches,Balks,Walks,Intentional Walks,Hit by Pitch,Earned Runs,Innings Pitched
0,NYA201905080,loaij001,31,52,1,6,3,0,0,0,0,2,0,0,4,4.0
0,NYA201904030,loaij001,29,41,0,1,4,0,0,0,0,3,0,0,1,4.0
0,NYA201807020,loaij001,30,62,1,5,3,0,0,0,0,0,0,0,3,4.0
0,PHI201806250,loaij001,29,57,0,1,8,0,0,0,0,2,0,0,0,5.333333333333333
0,NYA201806150,loaij001,34,57,0,3,6,0,0,0,0,4,0,0,0,5.0
0,NYA201806200,loaij001,33,51,0,6,4,0,0,0,0,2,0,0,1,3.6666666666666665
0,TBA201909250,loaij001,9,15,1,4,2,0,0,0,0,0,0,0,2,1.0
0,HOU201904090,loaij001,29,42,1,4,5,0,0,1,0,2,0,0,2,3.0
