,Game ID,ID,Balls,Strikes,Homeruns Allowed,Hits Allowed,Strikeouts,Pickoff Errors,Pickoffs,Wild Pitches,Balks,Walks,Intentional Walks,Hit by Pitch,Earned Runs,Innings Pitched
0,CHN201906200,lockw001,18,37,0,5,2,0,0,0,0,1,0,0,5,2.3333333333333335
0,CHN201808040,lockw001,33,54,2,9,6,0,0,0,0,1,1,0,5,5.0
0,SDN201808110,lockw001,38,50,2,5,2,0,0,0,0,2,0,0,4,4.333333333333333
0,SDN201806010,lockw001,36,45,0,4,2,0,0,0,0,5,0,0,4,3.6666666666666665
0,PHI201906250,lockw001,30,52,2,5,4,0,0,0,0,2,0,0,2,5.333333333333333
0,NYN201908052,lockw001,27,50,1,8,4,0,0,0,0,2,0,0,2,4.666666666666667
0,SFN201907200,lockw001,15,43,0,5,3,0,0,1,0,0,0,1,1,5.0
