,Game ID,ID,Balls,Strikes,Homeruns Allowed,Hits Allowed,Strikeouts,Pickoff Errors,Pickoffs,Wild Pitches,Balks,Walks,Intentional Walks,Hit by Pitch,Earned Runs,Innings Pitched
0,LAN201404050,mahop002,33,47,2,7,1,0,0,0,0,2,0,0,5,4.333333333333333
0,LAN201404210,mahop002,49,58,1,8,2,0,0,0,0,3,0,0,4,5.0
0,LAN201407120,mahop002,20,45,0,2,4,0,0,0,0,0,0,0,0,6.0
0,LAN201405140,mahop002,40,51,2,11,0,0,0,0,0,3,0,0,4,3.6666666666666665
0,MIA201405030,mahop002,42,60,2,9,3,0,0,0,0,2,0,0,3,6.0
0,LAN201404260,mahop002,30,52,0,6,3,0,1,0,0,1,0,0,2,7.0
0,SFN201404160,mahop002,39,53,0,5,2,0,0,1,0,3,0,0,1,6.0
0,LAN201405090,mahop002,38,64,1,3,2,0,0,0,0,3,1,1,3,5.666666666666667
