,Game ID,ID,Balls,Strikes,Homeruns Allowed,Hits Allowed,Strikeouts,Pickoff Errors,Pickoffs,Wild Pitches,Balks,Walks,Intentional Walks,Hit by Pitch,Earned Runs,Innings Pitched
0,CLE201506110,marcs001,38,68,0,2,5,0,0,2,0,0,0,1,0,7.0
0,SEA201505300,marcs001,36,54,1,5,5,0,0,0,0,3,0,0,2,5.333333333333333
0,CHA201505200,marcs001,33,56,2,4,6,0,0,0,0,0,0,0,2,6.666666666666667
0,CLE201506170,marcs001,22,32,2,6,0,0,0,0,0,1,0,0,6,2.0
0,CLE201506050,marcs001,35,57,1,8,4,0,0,0,0,1,0,0,3,6.333333333333333
0,CLE201505250,marcs001,24,39,2,4,6,0,0,0,0,2,1,0,5,2.6666666666666665
