,Game ID,Balls,Strikes,Strikeouts,Pickoff Errors,Pickoffs,Wild Pitches,Balks,Walks,Intentional Walks,Hit By Pitch,Earned Runs,Innings Pitched,ERA,Hit by Pitch
0,CHA201505200,33,29,6,0,0,0,0,0,0,,2,7,2.5714285714285716,0.0
0,CLE201505250,21,19,6,0,0,0,0,2,1,,7,3,21.0,0.0
0,SEA201505300,33,32,5,0,0,0,0,3,0,,2,6,3.0,0.0
0,CLE201506050,34,29,4,0,0,0,0,1,0,,3,7,3.857142857142857,0.0
0,CLE201506110,37,37,5,0,0,2,0,0,0,,0,7,0.0,1.0
0,CLE201506170,21,17,0,0,0,0,0,1,0,,6,2,27.0,0.0
