,Game ID,ID,Balls,Strikes,Homeruns Allowed,Hits Allowed,Strikeouts,Pickoff Errors,Pickoffs,Wild Pitches,Balks,Walks,Intentional Walks,Hit by Pitch,Earned Runs,Innings Pitched
0,CIN201505250,marqj001,30,30,1,10,4,0,0,0,0,1,1,0,2,5.666666666666667
0,CHA201505092,marqj001,30,32,3,10,0,0,0,0,0,1,0,0,5,5.666666666666667
0,CIN201504100,marqj001,41,31,1,5,7,0,0,1,0,2,0,0,3,6.0
0,KCA201505200,marqj001,25,18,0,4,1,0,0,1,0,0,0,0,4,3.6666666666666665
0,CIN201505150,marqj001,21,23,2,7,4,0,0,0,0,2,0,0,6,3.0
0,CHN201504150,marqj001,27,30,1,7,6,0,0,0,0,2,1,1,4,4.0
0,MIL201504210,marqj001,24,24,1,9,8,0,0,0,0,0,0,0,5,5.0
0,CIN201504270,marqj001,40,33,0,7,3,0,0,1,0,2,0,0,2,8.0
0,ATL201505020,marqj001,41,22,1,5,4,0,0,0,0,2,0,0,3,6.0
