,Game ID,ID,Balls,Strikes,Homeruns Allowed,Hits Allowed,Strikeouts,Pickoff Errors,Pickoffs,Wild Pitches,Balks,Walks,Intentional Walks,Hit by Pitch,Earned Runs,Innings Pitched
0,BOS201905180,martc009,36,38,1,5,0,0,0,0,0,4,0,0,2,4.0
0,SEA201906030,martc009,34,42,2,4,3,0,0,0,0,3,0,0,2,3.0
0,HOU201905280,martc009,34,42,3,5,4,0,0,0,0,3,0,0,3,3.6666666666666665
0,HOU201905230,martc009,25,41,1,6,3,0,1,0,0,1,0,0,3,3.3333333333333335
0,HOU201905120,martc009,31,49,1,3,9,0,0,1,0,1,0,0,1,5.333333333333333
