,Game ID,ID,Balls,Strikes,Homeruns Allowed,Hits Allowed,Strikeouts,Pickoff Errors,Pickoffs,Wild Pitches,Balks,Walks,Intentional Walks,Hit by Pitch,Earned Runs,Innings Pitched
0,SEA201906030,martc009,31,23,2,4,3,0,0,0,0,3,0,0,2,3.0
0,HOU201905120,martc009,30,27,1,3,9,0,0,1,0,1,0,0,1,5.333333333333333
0,BOS201905180,martc009,32,19,1,5,0,0,0,0,0,4,0,0,2,4.0
0,HOU201905280,martc009,31,25,3,5,4,0,0,0,0,3,0,0,3,3.6666666666666665
0,HOU201905230,martc009,24,21,1,6,3,0,1,0,0,1,0,0,3,3.3333333333333335
