,Game ID,ID,Balls,Strikes,Homeruns Allowed,Hits Allowed,Strikeouts,Pickoff Errors,Pickoffs,Wild Pitches,Balks,Walks,Intentional Walks,Hit by Pitch,Earned Runs,Innings Pitched
0,SEA201405140,maurb001,38,46,0,2,3,0,0,0,0,4,0,0,1,3.6666666666666665
0,SEA201405240,maurb001,27,45,2,6,2,0,0,0,0,1,0,0,6,4.333333333333333
0,MIA201404200,maurb001,27,36,0,2,4,0,0,0,0,2,0,0,1,4.333333333333333
0,SEA201405090,maurb001,26,71,0,14,0,0,0,0,0,0,0,0,4,7.333333333333333
0,HOU201405040,maurb001,35,53,2,6,3,0,0,0,0,2,0,0,4,5.0
0,SEA201404270,maurb001,28,49,0,7,3,0,0,0,0,1,0,0,5,3.6666666666666665
0,SEA201405290,maurb001,35,50,1,6,2,0,0,1,0,4,0,0,5,4.0
