,Game ID,ID,Balls,Strikes,Homeruns Allowed,Hits Allowed,Strikeouts,Pickoff Errors,Pickoffs,Wild Pitches,Balks,Walks,Intentional Walks,Hit by Pitch,Earned Runs,Innings Pitched
0,MIA201908130,may-d003,31,59,0,3,5,0,0,0,0,1,0,1,1,5.333333333333333
0,LAN201908070,may-d003,22,61,1,5,7,0,0,0,0,1,0,0,1,5.666666666666667
0,SDN201908260,may-d003,34,47,0,4,2,0,0,0,0,1,0,0,2,5.333333333333333
0,LAN201908020,may-d003,33,64,0,9,3,0,1,0,0,0,0,0,3,5.666666666666667
