,Game ID,Balls,Strikes,Strikeouts,Pickoff Errors,Pickoffs,Wild Pitches,Balks,Walks,Intentional Walks,Hit By Pitch,Earned Runs,Innings Pitched,ERA,Hit by Pitch
0,TOR201404040,26,23,3,0,0,0,0,1,0,,4,3,12.0,0.0
0,BAL201404110,29,29,2,0,0,0,0,1,0,,0,7,0.0,2.0
0,MIN201404172,30,26,3,0,0,0,0,4,0,,3,5,5.4,0.0
0,TOR201404230,25,24,5,0,1,0,0,1,0,,6,5,10.8,1.0
0,KCA201404290,31,31,2,0,0,1,0,3,0,,2,7,2.5714285714285716,0.0
0,PIT201405040,36,34,5,0,0,0,0,3,0,,1,7,1.2857142857142858,0.0
0,TOR201405090,34,27,2,0,0,0,0,2,0,,2,5,3.6,0.0
0,TOR201405140,29,29,3,0,0,0,0,2,0,,4,5,7.2,0.0
0,PHI201504230,26,28,4,0,0,0,0,4,0,,4,4,9.0,0.0
