,Game ID,ID,Balls,Strikes,Homeruns Allowed,Hits Allowed,Strikeouts,Pickoff Errors,Pickoffs,Wild Pitches,Balks,Walks,Intentional Walks,Hit by Pitch,Earned Runs,Innings Pitched
0,TOR201404040,mcgod001,26,23,0,8,3,0,0,0,0,1,0,0,4,2.6666666666666665
0,TOR201404230,mcgod001,25,24,2,5,5,0,1,0,0,1,0,1,3,4.0
0,TOR201405090,mcgod001,34,27,1,7,2,0,0,0,0,2,0,0,2,4.666666666666667
0,PHI201504230,mcgod001,26,28,0,3,4,0,0,0,0,4,0,0,2,3.3333333333333335
0,MIN201404172,mcgod001,30,26,1,6,3,0,0,0,0,4,0,0,3,4.0
0,KCA201404290,mcgod001,31,31,0,3,2,0,0,1,0,3,0,0,1,6.0
0,TOR201405140,mcgod001,29,29,1,9,3,0,0,0,0,2,0,0,4,4.0
0,BAL201404110,mcgod001,29,29,0,5,2,0,0,0,0,1,0,2,0,6.333333333333333
0,PIT201405040,mcgod001,36,34,0,3,5,0,0,0,0,3,0,0,1,7.0
