,Game ID,ID,Balls,Strikes,Homeruns Allowed,Hits Allowed,Strikeouts,Pickoff Errors,Pickoffs,Wild Pitches,Balks,Walks,Intentional Walks,Hit by Pitch,Earned Runs,Innings Pitched
0,LAN201807150,mcgud001,22,42,1,4,2,0,0,0,0,2,0,1,3,3.0
0,MIL201709260,mcgud001,39,44,1,6,5,0,0,0,0,2,0,0,4,3.0
0,CLE201808050,mcgud001,12,13,1,3,1,0,0,1,0,1,0,2,3,0.3333333333333333
0,CHN201710010,mcgud001,20,46,0,2,2,0,0,0,0,0,0,0,0,5.0
0,BAL201807010,mcgud001,25,39,2,5,4,0,0,1,0,2,0,0,3,3.3333333333333335
0,ANA201807070,mcgud001,23,38,0,1,6,0,0,0,0,2,0,0,0,3.0
