,Game ID,ID,Balls,Strikes,Homeruns Allowed,Hits Allowed,Strikeouts,Pickoff Errors,Pickoffs,Wild Pitches,Balks,Walks,Intentional Walks,Hit by Pitch,Earned Runs,Innings Pitched
0,CHN201907160,milla003,30,51,1,5,6,0,0,0,0,1,0,4,3,6.0
0,CHN201808240,milla003,26,58,0,4,8,0,0,0,0,1,0,0,1,5.666666666666667
0,CHN201808290,milla003,36,52,1,5,5,0,1,1,0,2,0,0,4,5.0
0,CHN201909200,milla003,29,52,0,2,6,0,0,0,0,2,0,1,0,4.666666666666667
0,SLN201909270,milla003,34,57,1,5,9,0,0,0,0,2,0,0,1,5.0
0,SFN201907220,milla003,23,53,0,7,5,0,0,0,0,1,0,0,2,4.333333333333333
