,Game ID,ID,Balls,Strikes,Homeruns Allowed,Hits Allowed,Strikeouts,Pickoff Errors,Pickoffs,Wild Pitches,Balks,Walks,Intentional Walks,Hit by Pitch,Earned Runs,Innings Pitched
0,MIN202009230,mizec001,32,30,2,5,4,0,0,1,0,2,0,1,6,4.666666666666667
0,DET202008300,mizec001,23,20,1,2,4,0,0,1,0,2,0,3,2,3.0
0,MIN202009060,mizec001,27,22,0,5,3,0,0,0,0,2,0,0,2,4.0
0,DET202008240,mizec001,29,26,1,5,2,0,0,0,0,2,0,1,3,3.3333333333333335
0,DET202009170,mizec001,35,22,2,4,1,0,0,0,0,3,0,0,3,3.6666666666666665
0,CHA202009110,mizec001,26,26,0,1,5,0,0,0,0,2,0,0,1,5.333333333333333
0,CHA202008190,mizec001,24,27,1,7,7,0,0,0,0,0,0,0,3,4.333333333333333
