,Game ID,ID,Balls,Strikes,Homeruns Allowed,Hits Allowed,Strikeouts,Pickoff Errors,Pickoffs,Wild Pitches,Balks,Walks,Intentional Walks,Hit by Pitch,Earned Runs,Innings Pitched
0,SDN202008230,morea001,11,13,1,3,3,0,0,0,0,1,0,0,3,1.6666666666666665
0,SDN201907280,morea001,15,12,0,2,2,0,0,0,0,3,0,0,2,1.6666666666666665
0,CHN201907210,morea001,8,9,0,3,1,0,0,0,0,0,0,0,1,2.3333333333333335
0,SDN202009160,morea001,12,9,1,2,3,0,0,0,0,0,0,0,1,2.0
0,TEX202008180,morea001,12,14,0,0,4,0,0,0,0,1,0,0,0,3.0
0,SFN202009270,morea001,15,14,1,3,4,0,0,0,0,0,0,0,1,2.6666666666666665
