,Game ID,ID,Balls,Strikes,Homeruns Allowed,Hits Allowed,Strikeouts,Pickoff Errors,Pickoffs,Wild Pitches,Balks,Walks,Intentional Walks,Hit by Pitch,Earned Runs,Innings Pitched
0,DET201506150,moscj001,2,5,0,1,1,0,0,0,0,0,0,0,0,0.3333333333333333
0,SLN201604170,moscj001,37,65,2,6,2,0,0,0,0,1,0,1,3,5.666666666666667
0,CIN201606050,moscj001,28,48,2,5,3,0,0,0,0,0,1,0,4,3.6666666666666665
0,CIN201604220,moscj001,43,55,1,3,2,0,0,0,0,4,0,0,3,4.666666666666667
0,NYN201604270,moscj001,37,52,1,4,2,0,0,0,0,4,0,0,1,5.0
0,CIN201506100,moscj001,34,61,0,6,2,0,0,1,0,2,0,0,2,6.0
0,CIN201506050,moscj001,32,51,2,4,3,0,0,0,0,3,0,0,4,5.0
0,COL201605310,moscj001,19,33,4,8,1,0,0,0,0,0,0,0,7,2.0
