,Game ID,ID,Balls,Strikes,Homeruns Allowed,Hits Allowed,Strikeouts,Pickoff Errors,Pickoffs,Wild Pitches,Balks,Walks,Intentional Walks,Hit by Pitch,Earned Runs,Innings Pitched
0,DET201506150,moscj001,2,2,0,1,1,0,0,0,0,0,0,0,0,0.3333333333333333
0,CIN201604220,moscj001,38,27,1,3,2,0,0,0,0,4,0,0,3,4.666666666666667
0,COL201605310,moscj001,19,16,4,8,1,0,0,0,0,0,0,0,7,2.0
0,SLN201604170,moscj001,35,33,2,6,2,0,0,0,0,1,0,1,3,5.666666666666667
0,CIN201606050,moscj001,27,24,2,5,3,0,0,0,0,0,1,0,4,3.6666666666666665
0,CIN201506050,moscj001,29,29,2,4,3,0,0,0,0,3,0,0,4,5.0
0,NYN201604270,moscj001,33,28,1,4,2,0,0,0,0,4,0,0,1,5.0
0,CIN201506100,moscj001,32,32,0,6,2,0,0,1,0,2,0,0,2,6.0
