,Game ID,ID,Balls,Strikes,Homeruns Allowed,Hits Allowed,Strikeouts,Pickoff Errors,Pickoffs,Wild Pitches,Balks,Walks,Intentional Walks,Hit by Pitch,Earned Runs,Innings Pitched
0,SEA201605250,nealz001,20,40,2,8,1,0,0,0,0,0,0,0,7,4.0
0,SLN201608270,nealz001,30,61,1,6,3,0,0,0,0,0,0,0,1,6.0
0,OAK201608090,nealz001,22,50,1,2,1,0,0,0,0,0,0,0,1,5.333333333333333
0,OAK201608140,nealz001,29,45,1,8,1,0,0,0,0,1,0,1,4,5.333333333333333
0,CHA201608210,nealz001,21,43,1,8,2,0,0,0,1,0,0,0,4,4.666666666666667
0,OAK201609060,nealz001,23,48,0,4,5,0,0,0,0,1,0,0,2,6.0
