,Game ID,ID,Balls,Strikes,Homeruns Allowed,Hits Allowed,Strikeouts,Pickoff Errors,Pickoffs,Wild Pitches,Balks,Walks,Intentional Walks,Hit by Pitch,Earned Runs,Innings Pitched
0,SDN201809290,nix-j002,22,17,1,5,0,0,0,2,0,3,0,0,4,4.0
0,COL201808220,nix-j002,37,27,0,5,2,0,0,1,0,1,0,0,3,5.0
0,LAN201809220,nix-j002,13,16,2,6,2,0,0,0,0,0,0,1,6,2.3333333333333335
0,CIN201809090,nix-j002,30,24,1,7,5,0,0,0,0,2,0,1,6,4.0
0,SDN201808100,nix-j002,23,35,0,4,4,0,0,0,0,2,0,0,0,6.0
0,SDN201809160,nix-j002,25,29,2,7,3,0,0,0,0,1,0,1,3,5.666666666666667
0,SDN201809020,nix-j002,30,26,0,5,4,0,0,1,0,2,0,0,3,6.0
0,SDN201808280,nix-j002,20,27,1,8,0,0,0,0,0,0,0,0,1,8.333333333333334
0,SDN201808160,nix-j002,17,13,1,5,1,0,0,0,0,2,0,1,5,0.6666666666666666
