,Game ID,ID,Balls,Strikes,Homeruns Allowed,Hits Allowed,Strikeouts,Pickoff Errors,Pickoffs,Wild Pitches,Balks,Walks,Intentional Walks,Hit by Pitch,Earned Runs,Innings Pitched
0,MIA201707270,ograc001,36,60,0,5,5,0,0,0,0,2,0,1,0,7.0
0,WAS201708070,ograc001,7,11,0,0,2,0,0,0,0,1,0,0,0,1.3333333333333333
0,MIA201708010,ograc001,29,46,2,7,3,0,0,0,0,2,0,0,6,3.0
0,SFN201707080,ograc001,33,48,0,5,4,0,0,0,0,2,0,0,2,5.333333333333333
0,CIN201707220,ograc001,47,46,1,4,6,0,1,0,1,5,1,0,3,4.666666666666667
0,MIA201707160,ograc001,36,55,1,5,6,0,0,0,0,2,0,0,3,5.0
