,Game ID,ID,Balls,Strikes,Homeruns Allowed,Hits Allowed,Strikeouts,Pickoff Errors,Pickoffs,Wild Pitches,Balks,Walks,Intentional Walks,Hit by Pitch,Earned Runs,Innings Pitched
0,SEA201705070,overd001,23,43,0,4,2,0,1,1,0,1,0,0,1,3.3333333333333335
0,OAK201608050,overd001,28,56,2,9,3,0,0,1,0,0,0,1,7,3.0
0,OAK201606300,overd001,27,46,2,8,1,0,0,0,0,3,0,0,7,3.0
0,CLE201607300,overd001,18,43,3,10,1,0,0,0,0,1,0,0,4,3.3333333333333335
0,OAK201607190,overd001,35,70,1,9,6,0,1,0,0,0,0,0,3,6.333333333333333
0,SDN201707010,overd001,34,59,2,9,3,0,0,0,0,1,1,1,4,4.666666666666667
0,ANA201606250,overd001,37,71,3,7,3,0,0,0,0,2,0,0,3,5.666666666666667
