,Game ID,ID,Balls,Strikes,Homeruns Allowed,Hits Allowed,Strikeouts,Pickoff Errors,Pickoffs,Wild Pitches,Balks,Walks,Intentional Walks,Hit by Pitch,Earned Runs,Innings Pitched
0,MIN201705310,pauld002,36,53,1,5,8,0,0,2,0,1,0,0,2,4.0
0,HOU201706170,pauld002,35,46,1,3,4,0,0,0,0,1,0,0,1,5.666666666666667
0,CLE201609080,pauld002,27,43,0,4,0,0,0,2,0,2,0,1,4,3.0
0,KCA201706060,pauld002,28,62,1,8,4,0,0,0,0,1,0,0,3,5.333333333333333
0,OAK201706220,pauld002,42,65,0,7,6,0,0,0,0,2,0,0,2,5.333333333333333
0,HOU201706110,pauld002,29,48,1,6,4,0,0,1,0,2,0,0,3,4.0
0,HOU201706280,pauld002,29,57,4,7,8,0,0,0,0,0,0,0,7,4.0
