,Game ID,ID,Balls,Strikes,Homeruns Allowed,Hits Allowed,Strikeouts,Pickoff Errors,Pickoffs,Wild Pitches,Balks,Walks,Intentional Walks,Hit by Pitch,Earned Runs,Innings Pitched
0,ANA201908170,ramin002,9,10,0,2,1,0,0,0,0,0,0,0,1,1.3333333333333333
0,ANA201906080,ramin002,4,7,0,0,3,0,0,0,0,0,0,0,0,1.3333333333333333
0,CHA201909080,ramin002,8,5,0,2,0,0,0,0,0,1,0,0,1,0.6666666666666666
0,NYA201909170,ramin002,8,7,0,1,2,0,0,0,0,1,0,0,0,1.0
0,HOU201907050,ramin002,2,3,0,0,0,0,0,0,0,0,0,0,0,1.0
0,ANA201808280,ramin002,7,9,1,2,2,0,0,0,0,0,0,0,2,1.0
0,SLN201906220,ramin002,6,10,0,1,1,0,0,0,0,0,0,0,0,2.0
0,ANA201906280,ramin002,9,9,1,1,3,0,0,0,0,1,0,0,2,1.0
