,Game ID,ID,Balls,Strikes,Homeruns Allowed,Hits Allowed,Strikeouts,Pickoff Errors,Pickoffs,Wild Pitches,Balks,Walks,Intentional Walks,Hit by Pitch,Earned Runs,Innings Pitched
0,LAN201508020,rasmc002,18,19,1,3,3,0,0,0,0,0,0,0,2,3.0
0,ANA201409160,rasmc002,11,18,0,1,4,0,0,0,0,0,0,0,0,4.0
0,ANA201408300,rasmc002,17,15,0,1,6,0,0,0,0,0,0,0,0,3.0
0,SEA201409280,rasmc002,19,19,0,3,3,0,0,0,0,1,0,0,1,3.0
0,ANA201409210,rasmc002,17,22,0,2,3,0,0,0,0,1,0,0,0,4.0
0,TEX201409110,rasmc002,17,15,1,2,3,0,0,0,0,0,0,0,1,3.3333333333333335
0,ANA201605060,rasmc002,14,16,2,5,0,0,0,0,1,2,0,0,5,2.3333333333333335
0,MIN201409060,rasmc002,15,11,1,2,0,0,0,0,0,3,0,0,2,1.6666666666666665
