,Game ID,ID,Balls,Strikes,Homeruns Allowed,Hits Allowed,Strikeouts,Pickoff Errors,Pickoffs,Wild Pitches,Balks,Walks,Intentional Walks,Hit by Pitch,Earned Runs,Innings Pitched
0,CIN201609020,reyea004,34,38,0,6,7,0,1,0,0,2,0,0,2,6.0
0,CHN201609240,reyea004,41,37,0,6,6,0,0,0,0,3,0,0,3,5.0
0,SLN201609290,reyea004,37,31,0,7,6,0,0,0,0,2,0,0,1,6.0
0,SLN202008172,reyea004,10,8,0,0,2,0,0,0,0,3,0,0,0,0.6666666666666666
0,SLN201608270,reyea004,34,28,0,2,4,0,0,1,0,4,0,0,0,4.666666666666667
0,MIL201805300,reyea004,28,21,0,3,2,0,1,0,0,2,0,1,0,4.0
0,SFN201609180,reyea004,24,32,0,4,6,0,1,0,0,2,0,0,0,7.0
