,Game ID,ID,Balls,Strikes,Homeruns Allowed,Hits Allowed,Strikeouts,Pickoff Errors,Pickoffs,Wild Pitches,Balks,Walks,Intentional Walks,Hit by Pitch,Earned Runs,Innings Pitched
0,SEA201806010,romos001,8,9,0,0,0,0,0,0,0,1,0,0,0,1.3333333333333333
0,ANA201805190,romos001,8,6,0,0,3,0,0,0,0,0,0,0,0,1.0
0,TBA201805270,romos001,6,5,0,2,0,0,0,0,0,1,0,0,0,0.3333333333333333
0,TBA201805250,romos001,2,7,0,2,1,0,0,0,0,0,0,0,1,0.6666666666666666
0,ANA201805200,romos001,13,8,0,0,3,0,0,0,0,2,0,0,0,1.3333333333333333
