,Game ID,ID,Balls,Strikes,Homeruns Allowed,Hits Allowed,Strikeouts,Pickoff Errors,Pickoffs,Wild Pitches,Balks,Walks,Intentional Walks,Hit by Pitch,Earned Runs,Innings Pitched
0,SEA201806010,romos001,9,16,0,0,0,0,0,0,0,1,0,0,0,1.3333333333333333
0,TBA201805270,romos001,7,8,0,2,0,0,0,0,0,1,0,0,0,0.3333333333333333
0,TBA201805250,romos001,2,12,0,2,1,0,0,0,0,0,0,0,1,0.6666666666666666
0,ANA201805190,romos001,8,10,0,0,3,0,0,0,0,0,0,0,0,1.0
0,ANA201805200,romos001,15,13,0,0,3,0,0,0,0,2,0,0,0,1.3333333333333333
