,Game ID,Balls,Strikes,Strikeouts,Pickoff Errors,Pickoffs,Wild Pitches,Balks,Walks,Intentional Walks,Hit By Pitch,Earned Runs,Innings Pitched,ERA,Hit by Pitch
0,CHA201408302,35,28,1,0,0,0,0,2,0,,0,6,0.0,0.0
0,CHA201506050,29,39,4,0,0,0,0,1,0,,2,7,2.5714285714285716,0.0
0,DET201506160,28,27,4,0,0,0,0,1,0,,4,7,5.142857142857143,0.0
0,CLE201506220,23,15,0,0,0,0,0,2,0,,3,4,6.75,0.0
0,DET201507020,42,26,4,0,1,0,0,5,0,,2,5,3.6,0.0
0,SEA201507070,13,14,2,0,0,0,0,1,0,,5,3,15.0,0.0
0,DET201509211,33,31,2,0,0,0,0,1,0,,2,7,2.5714285714285716,0.0
