,Game ID,ID,Balls,Strikes,Homeruns Allowed,Hits Allowed,Strikeouts,Pickoff Errors,Pickoffs,Wild Pitches,Balks,Walks,Intentional Walks,Hit by Pitch,Earned Runs,Innings Pitched
0,TEX201406080,saunj001,34,29,0,7,0,0,0,0,0,4,0,0,1,5.333333333333333
0,TBA201404040,saunj001,37,25,1,6,4,0,0,0,0,3,0,1,4,3.6666666666666665
0,ANA201406200,saunj001,45,32,1,10,3,0,0,0,0,3,0,0,4,4.666666666666667
0,TEX201406030,saunj001,43,29,1,10,2,0,0,0,0,1,0,0,2,6.0
0,MIN201405280,saunj001,32,32,0,5,6,0,0,0,0,2,0,0,0,5.0
0,BAL201406300,saunj001,43,34,4,9,2,0,0,0,0,2,0,0,7,5.0
0,SEA201406140,saunj001,35,30,0,8,3,0,0,0,0,0,0,0,2,6.0
0,TEX201406250,saunj001,36,22,1,7,2,0,0,0,0,5,0,0,6,4.0
