,Game ID,ID,Balls,Strikes,Homeruns Allowed,Hits Allowed,Strikeouts,Pickoff Errors,Pickoffs,Wild Pitches,Balks,Walks,Intentional Walks,Hit by Pitch,Earned Runs,Innings Pitched
0,SEA201909100,shefj001,35,29,0,7,4,0,0,0,0,3,0,0,1,6.0
0,BAL201909210,shefj001,18,21,0,5,5,0,0,1,0,1,0,1,4,4.333333333333333
0,CHN201909020,shefj001,33,31,0,5,7,0,0,1,0,2,0,2,0,5.0
0,SEA201908280,shefj001,30,34,2,6,5,0,0,1,0,0,0,0,4,4.333333333333333
0,SEA201909150,shefj001,25,31,1,7,8,0,0,0,0,1,0,0,4,4.333333333333333
0,SEA201908230,shefj001,32,25,0,7,3,0,0,0,0,3,0,0,3,4.0
0,SEA201909270,shefj001,32,33,1,5,2,0,0,0,0,4,0,0,1,5.0
