,Game ID,ID,Balls,Strikes,Homeruns Allowed,Hits Allowed,Strikeouts,Pickoff Errors,Pickoffs,Wild Pitches,Balks,Walks,Intentional Walks,Hit by Pitch,Earned Runs,Innings Pitched
0,SLN202009101,skubt001,29,20,1,3,3,0,0,0,0,4,0,0,4,2.0
0,MIN202009050,skubt001,31,26,0,2,6,0,0,0,0,2,0,0,1,6.0
0,MIN202009220,skubt001,31,26,2,4,6,0,0,0,0,2,0,1,2,3.6666666666666665
0,DET202009160,skubt001,26,36,1,4,8,0,0,0,0,0,0,0,2,6.0
0,DET202008292,skubt001,24,21,1,3,2,0,0,0,0,0,0,0,2,5.0
0,CLE202008230,skubt001,23,23,1,3,5,0,0,0,0,1,0,1,1,2.3333333333333335
0,CHA202008180,skubt001,18,17,1,7,1,0,0,0,0,1,0,0,4,2.0
