,Game ID,ID,Balls,Strikes,Homeruns Allowed,Hits Allowed,Strikeouts,Pickoff Errors,Pickoffs,Wild Pitches,Balks,Walks,Intentional Walks,Hit by Pitch,Earned Runs,Innings Pitched
0,MIN201709300,slega001,22,26,0,3,3,0,0,0,0,1,0,0,1,4.333333333333333
0,MIN201807050,slega001,23,26,1,3,2,0,0,0,0,1,0,1,1,6.0
0,MIN201708172,slega001,28,26,1,2,3,0,0,0,0,2,0,0,1,6.333333333333333
0,TBA201709060,slega001,24,16,2,5,3,0,0,0,0,2,0,0,4,4.0
0,TBA202008220,slega001,19,21,0,0,5,0,0,0,0,0,0,0,0,4.0
0,MIN201807100,slega001,14,14,1,7,0,0,0,0,0,0,0,0,5,1.3333333333333333
