,Game ID,ID,Balls,Strikes,Homeruns Allowed,Hits Allowed,Strikeouts,Pickoff Errors,Pickoffs,Wild Pitches,Balks,Walks,Intentional Walks,Hit by Pitch,Earned Runs,Innings Pitched
0,MIN201807110,smitb005,19,52,0,7,4,0,0,0,0,1,0,0,2,3.3333333333333335
0,NYA201807290,smitb005,30,60,1,5,4,0,1,0,0,3,0,0,3,4.0
0,KCA201807240,smitb005,36,60,0,1,6,0,0,0,0,2,0,0,0,6.333333333333333
0,MIN201808040,smitb005,37,58,2,7,4,0,0,0,0,2,0,0,4,5.0
0,KCA201808100,smitb005,21,25,2,6,0,0,0,0,0,1,0,1,5,1.6666666666666665
0,CHA201807150,smitb005,10,20,1,3,2,0,0,0,0,0,0,0,2,2.0
