,Game ID,ID,Balls,Strikes,Homeruns Allowed,Hits Allowed,Strikeouts,Pickoff Errors,Pickoffs,Wild Pitches,Balks,Walks,Intentional Walks,Hit by Pitch,Earned Runs,Innings Pitched
0,OAK201709040,smitc002,35,23,3,7,3,0,0,0,0,3,0,0,6,3.3333333333333335
0,OAK201707180,smitc002,35,26,1,3,4,0,0,0,0,2,0,0,1,7.0
0,TOR201707240,smitc002,36,28,1,6,2,0,0,1,0,3,0,0,3,6.0
0,SEA201707080,smitc002,41,31,1,6,4,0,0,1,0,1,0,0,3,6.0
0,OAK201708150,smitc002,40,27,0,3,3,0,0,0,0,1,0,1,3,5.333333333333333
0,OAK201707290,smitc002,38,31,1,7,4,0,0,0,0,3,0,0,4,5.0
0,OAK201708100,smitc002,33,33,4,7,3,0,0,0,0,1,0,0,5,6.0
0,BAL201708210,smitc002,37,24,2,6,3,0,0,1,0,2,0,0,4,4.333333333333333
0,ANA201708290,smitc002,27,20,2,5,1,0,0,0,0,2,0,0,6,3.6666666666666665
