,Game ID,ID,Balls,Strikes,Homeruns Allowed,Hits Allowed,Strikeouts,Pickoff Errors,Pickoffs,Wild Pitches,Balks,Walks,Intentional Walks,Hit by Pitch,Earned Runs,Innings Pitched
0,DET201906290,sotog003,23,41,1,4,1,0,0,1,0,1,0,0,2,3.6666666666666665
0,NYN201905240,sotog003,23,49,2,6,4,0,0,0,0,1,0,0,5,3.6666666666666665
0,DET201906150,sotog003,28,47,0,2,3,0,0,0,0,4,0,0,0,4.0
0,DET201907070,sotog003,13,28,1,3,1,0,0,0,0,0,0,0,2,2.0
0,DET201905190,sotog003,28,42,0,4,3,0,0,0,0,2,0,0,3,4.0
0,DET201905150,sotog003,20,27,1,3,3,0,0,0,0,2,0,0,2,2.0
0,MIN201905112,sotog003,34,54,1,9,1,0,0,0,0,2,0,0,7,4.0
