,Game ID,ID,Balls,Strikes,Homeruns Allowed,Hits Allowed,Strikeouts,Pickoff Errors,Pickoffs,Wild Pitches,Balks,Walks,Intentional Walks,Hit by Pitch,Earned Runs,Innings Pitched
0,MIN201808180,stewk001,34,31,0,3,2,0,0,0,0,4,0,1,3,2.6666666666666665
0,MIN201808230,stewk001,42,56,1,7,6,0,0,2,0,2,0,0,3,4.666666666666667
0,CLE201808290,stewk001,38,56,0,6,2,0,0,1,0,2,0,0,3,4.666666666666667
0,MIN201905112,stewk001,33,57,1,6,2,0,0,2,0,2,0,0,3,6.0
0,DET201808120,stewk001,29,45,0,8,1,0,0,1,0,1,0,1,2,4.333333333333333
0,HOU201904240,stewk001,45,60,2,8,1,0,0,2,0,3,0,0,5,6.0
