,Game ID,ID,Balls,Strikes,Homeruns Allowed,Hits Allowed,Strikeouts,Pickoff Errors,Pickoffs,Wild Pitches,Balks,Walks,Intentional Walks,Hit by Pitch,Earned Runs,Innings Pitched
0,BOS201605110,surke001,25,33,1,4,3,0,0,0,0,2,0,1,4,2.6666666666666665
0,OAK201606140,surke001,24,42,2,7,1,0,0,0,0,2,0,0,5,2.3333333333333335
0,SEA201604080,surke001,32,49,1,4,2,0,0,0,0,1,0,1,2,4.333333333333333
0,OAK201604130,surke001,43,53,0,5,1,0,0,1,0,3,1,1,2,4.666666666666667
0,OAK201605310,surke001,24,47,0,8,2,0,0,0,0,1,0,2,3,4.666666666666667
0,OAK201606190,surke001,36,66,1,6,5,0,1,0,0,2,0,0,2,6.0
0,NYA201604190,surke001,40,59,0,7,3,0,1,0,0,3,0,0,2,5.666666666666667
0,TOR201604240,surke001,43,54,2,9,3,0,0,0,0,3,1,0,6,4.666666666666667
0,ANA201606240,surke001,26,39,1,5,2,0,0,0,0,2,0,0,2,3.6666666666666665
