,Game ID,ID,Balls,Strikes,Homeruns Allowed,Hits Allowed,Strikeouts,Pickoff Errors,Pickoffs,Wild Pitches,Balks,Walks,Intentional Walks,Hit by Pitch,Earned Runs,Innings Pitched
0,SEA201604080,surke001,30,26,1,4,2,0,0,0,0,1,0,1,2,4.333333333333333
0,OAK201606140,surke001,22,23,2,7,1,0,0,0,0,2,0,0,5,2.3333333333333335
0,NYA201604190,surke001,37,31,0,7,3,0,1,0,0,3,0,0,2,5.666666666666667
0,TOR201604240,surke001,39,26,2,9,3,0,0,0,0,3,1,0,6,4.666666666666667
0,BOS201605110,surke001,22,19,1,4,3,0,0,0,0,2,0,1,4,2.6666666666666665
0,ANA201606240,surke001,24,21,1,5,2,0,0,0,0,2,0,0,2,3.6666666666666665
0,OAK201606190,surke001,33,29,1,6,5,0,1,0,0,2,0,0,2,6.0
0,OAK201605310,surke001,21,23,0,8,2,0,0,0,0,1,0,2,3,4.666666666666667
0,OAK201604130,surke001,38,29,0,5,1,0,0,1,0,3,1,1,2,4.666666666666667
