,Game ID,ID,Balls,Strikes,Homeruns Allowed,Hits Allowed,Strikeouts,Pickoff Errors,Pickoffs,Wild Pitches,Balks,Walks,Intentional Walks,Hit by Pitch,Earned Runs,Innings Pitched
0,ATL201809030,toust001,22,42,0,4,6,0,0,0,0,2,0,0,3,4.666666666666667
0,ATL201808131,toust001,31,52,0,2,4,0,0,0,0,2,0,1,1,5.666666666666667
0,ATL201809190,toust001,34,59,1,5,8,0,0,0,0,3,0,1,2,5.666666666666667
0,NYN201809250,toust001,44,47,0,3,6,0,0,0,0,5,0,0,2,5.0
0,ARI201809090,toust001,49,56,0,2,5,0,0,1,0,5,0,0,0,5.666666666666667
0,CLE201904202,toust001,29,31,0,6,2,0,0,1,0,1,0,3,5,1.3333333333333333
