,Game ID,ID,Balls,Strikes,Homeruns Allowed,Hits Allowed,Strikeouts,Pickoff Errors,Pickoffs,Wild Pitches,Balks,Walks,Intentional Walks,Hit by Pitch,Earned Runs,Innings Pitched
0,PIT201405220,treib001,33,35,0,4,4,0,0,0,0,4,1,1,2,5.666666666666667
0,SDN201406070,treib001,21,19,0,5,1,0,0,0,0,0,0,0,2,6.0
0,WAS201405060,treib001,23,26,0,7,2,0,0,0,0,0,0,0,0,5.0
0,SFN201406120,treib001,27,26,0,5,2,0,0,0,0,3,0,0,2,4.666666666666667
0,CHN201406282,treib001,23,25,1,4,3,0,0,0,0,1,0,0,2,5.0
0,ATL201409170,treib001,18,18,0,3,3,0,0,0,0,1,0,0,0,5.0
0,WAS201409251,treib001,21,21,0,8,1,0,0,0,0,1,0,0,2,4.333333333333333
