,Game ID,ID,Balls,Strikes,Homeruns Allowed,Hits Allowed,Strikeouts,Pickoff Errors,Pickoffs,Wild Pitches,Balks,Walks,Intentional Walks,Hit by Pitch,Earned Runs,Innings Pitched
0,HOU201907070,urquj001,19,41,1,8,4,0,0,1,0,0,0,0,5,2.3333333333333335
0,ANA201909270,urquj001,32,47,0,3,2,0,0,0,0,1,0,0,0,6.0
0,HOU201907200,urquj001,35,63,1,2,9,0,0,0,0,0,0,0,1,7.0
0,CLE201907310,urquj001,31,55,2,8,1,0,0,0,0,1,0,0,6,4.0
0,COL201907020,urquj001,29,52,0,6,4,0,0,2,0,1,0,0,2,3.6666666666666665
0,HOU201909110,urquj001,27,55,1,1,10,0,0,0,0,1,0,0,1,5.0
0,SLN201907260,urquj001,31,57,0,4,6,0,0,0,0,2,0,0,1,6.0
