,Game ID,ID,Balls,Strikes,Homeruns Allowed,Hits Allowed,Strikeouts,Pickoff Errors,Pickoffs,Wild Pitches,Balks,Walks,Intentional Walks,Hit by Pitch,Earned Runs,Innings Pitched
0,LAN201604290,vargc002,38,52,0,4,6,0,0,0,0,3,0,1,0,5.333333333333333
0,SDN201605040,vargc002,35,50,0,4,3,0,0,0,0,3,0,0,1,6.0
0,SDN201604230,vargc002,40,48,1,5,3,0,0,0,0,3,0,0,1,5.0
0,CHN201605100,vargc002,46,46,0,10,1,0,0,0,0,2,1,0,6,4.0
0,SDN201605210,vargc002,35,60,1,4,7,0,0,0,0,1,0,0,2,7.0
0,MIL201605150,vargc002,32,64,2,8,7,0,0,0,0,0,0,0,2,5.0
0,ARI201605280,vargc002,23,38,1,6,1,0,0,0,0,2,0,0,7,1.6666666666666665
