,Game ID,ID,Balls,Strikes,Homeruns Allowed,Hits Allowed,Strikeouts,Pickoff Errors,Pickoffs,Wild Pitches,Balks,Walks,Intentional Walks,Hit by Pitch,Earned Runs,Innings Pitched
0,OAK201908250,webbl001,21,20,2,6,2,0,0,0,0,2,0,1,4,4.666666666666667
0,SFN201909110,webbl001,28,25,0,7,4,0,0,2,0,1,0,0,4,4.666666666666667
0,SFN201908310,webbl001,32,31,0,7,7,0,1,0,0,1,0,0,1,5.666666666666667
0,BOS201909170,webbl001,37,34,1,3,3,0,0,1,0,4,0,0,2,5.0
0,SFN201909280,webbl001,32,28,1,6,5,0,0,0,0,1,0,0,2,6.0
0,ARI201908170,webbl001,38,32,0,5,7,0,0,1,0,1,0,0,1,4.666666666666667
0,ATL201909220,webbl001,31,29,0,2,7,0,0,0,0,2,0,0,1,6.0
0,SLN201909050,webbl001,24,19,1,8,2,0,0,0,0,2,0,0,7,2.6666666666666665
