,Game ID,ID,Balls,Strikes,Homeruns Allowed,Hits Allowed,Strikeouts,Pickoff Errors,Pickoffs,Wild Pitches,Balks,Walks,Intentional Walks,Hit by Pitch,Earned Runs,Innings Pitched
0,ATL201909220,webbl001,33,57,0,2,7,0,0,0,0,2,0,0,1,6.0
0,SFN201909110,webbl001,29,52,0,7,4,0,0,2,0,1,0,0,4,4.666666666666667
0,SFN201909280,webbl001,33,57,1,6,5,0,0,0,0,1,0,0,2,6.0
0,SFN201908310,webbl001,33,58,0,7,7,0,1,0,0,1,0,0,1,5.666666666666667
0,BOS201909170,webbl001,41,56,1,3,3,0,0,1,0,4,0,0,2,5.0
0,SLN201909050,webbl001,26,41,1,8,2,0,0,0,0,2,0,0,7,2.6666666666666665
0,ARI201908170,webbl001,39,54,0,5,7,0,0,1,0,1,0,0,1,4.666666666666667
0,OAK201908250,webbl001,24,43,2,6,2,0,0,0,0,2,0,1,4,4.666666666666667
